group,risk_score,true_outcome,referral_length,previous_contacts,age
A,0.3443003219226239,0,221.02521239949274,0,18.491302349941634
A,0.2235126961085091,0,121.46268531252619,0,31.330421977894318
A,0.41816515032698126,0,108.38222134478856,1,26.547528050049237
A,0.13176615813855047,0,173.5707778193202,1,26.79675290625195
A,0.5710348365746669,0,122.38884778595144,0,17.943015519547277
A,0.08096690841253033,1,181.64659088777555,1,20.109162103288032
A,0.5236371918711362,1,160.14615104256498,0,14.0
A,0.14750859937503769,0,74.2127942501384,0,19.175871546195502
A,0.16744732565389295,0,227.37526006650307,0,14.0
A,0.36651977536631175,0,239.7938836547761,0,32.50454812470972
A,0.56224175162298,0,119.36056547578069,0,22.40428652475205
A,0.20899427533676515,0,130.6149220032008,1,23.363977880323446
A,0.2830226021824813,0,164.29326953624525,1,20.19882778119983
A,0.23380299762080933,0,166.72283949935124,1,23.58063137641126
A,0.38633471541892866,0,182.92721363364151,1,41.71902108686147
A,0.24075554919250594,0,250.5102269383175,0,19.598877724860067
A,0.24571701802382412,0,141.15263862529753,0,16.796695722320052
A,0.5216177786677985,1,110.08513777307732,0,26.23754506324354
A,0.23420711473268235,1,81.03403859927364,0,14.0
A,0.1519976257408387,0,113.45349800290404,0,22.511654295287464
A,0.430603413402768,1,148.34365135631015,1,19.026296773656792
A,0.14278144243772767,0,239.7278931758894,0,14.061493871711246
A,0.4979167145646993,1,124.11943504819143,1,26.062061362492003
A,0.21105047273598176,1,161.18939758194492,0,22.431907347566344
A,0.4069861898607117,0,149.1788551963624,0,14.0
A,0.10973787922040514,0,209.4196636724042,0,16.827763830460498
A,0.28791945486414927,0,276.3466212936811,1,14.0
A,0.5076345813898107,0,123.45656135398397,0,24.346154513068022
A,0.1657938841049312,0,125.52802787408889,2,24.266395347521257
A,0.48398899539217877,0,202.2080438534536,1,15.653744849330613
A,0.18590468806916596,0,184.09457448131556,0,26.320901693465014
A,0.28410778985122853,1,242.33536628680167,0,14.0
A,0.5011513387685379,1,179.1964092662982,0,14.267863792520057
A,0.2312847799078395,0,132.035395460647,0,25.337523715060513
A,0.6577496102775876,0,179.53274153461547,1,16.490665960296454
A,0.19426940167069934,0,205.4351790291454,0,21.498744350380445
A,0.23603232988839676,0,191.0241090598682,0,17.490807780589257
A,0.09300125922388601,1,175.36370155536488,1,18.712550749606528
A,0.31485492120908704,0,203.3337344794577,0,19.062206272360058
A,0.36376163562884584,0,208.46477952228364,0,16.34594594225458
A,0.614753783789139,0,219.10794955187635,0,24.419597714880993
A,0.1351098244523413,0,182.43549437948212,2,16.976572105968405
A,0.1688587365858605,0,141.64409598415727,2,22.125493710364818
A,0.2475678664711673,1,157.33568432166615,0,16.170146549004773
A,0.319165858261887,0,210.32544832541782,0,14.0
A,0.3765812247184671,0,109.1532164506382,0,29.299481994073332
A,0.25223275043030285,0,168.43366544364505,1,25.996215880763266
A,0.06088090529940981,1,130.33305938363196,0,40.30945655038138
A,0.4556406055331776,1,151.4372411467409,0,14.0
A,0.27729783575712097,0,213.92259313036493,1,20.328316101343756
A,0.3419857857143201,0,159.55495340099517,2,20.971940153153554
A,0.13023672833054845,0,152.32182740780743,1,29.91495550625705
A,0.29909445388256695,0,82.00719295100404,1,17.943136846939133
A,0.41494828112777316,1,187.31267830136102,1,14.0
A,0.19032198460746516,0,182.27420905705378,2,31.662474467688018
A,0.3521270787028735,0,258.16273616527303,1,19.466799765910174
A,0.3131964026255819,0,134.61108825234996,0,29.029148077808344
A,0.32411905421826287,0,160.95751638319695,0,28.097587206337693
A,0.041273780459158096,0,162.46918418553776,2,21.760876208781603
A,0.10913508539682586,1,228.8726639881737,0,20.605490359722015
A,0.26185896574720097,0,145.2352233806524,1,18.867481549361564
A,0.048880364015127103,0,163.95107628851696,1,21.878454969840085
A,0.3640091527342049,0,180.39482548582697,2,28.904801809365047
A,0.276638612124943,0,159.3304561578179,1,15.628478551523365
A,0.3333216739775825,0,127.67831927247359,2,22.870765041672964
A,0.13749803229415786,0,159.7044996449154,2,14.0
A,0.8390615271769089,1,203.6815874929886,0,14.04715013566246
A,0.10544845091443757,0,98.67423502944699,1,21.752488022755006
A,0.09719131423845992,0,156.64848370734381,2,14.0
A,0.32255548062761397,0,114.99395925304134,1,38.484468932928415
A,0.3700664841332502,0,209.75233144624212,0,14.0
A,0.1815247936485092,1,73.84065476081126,0,21.67929189874757
A,0.45614612006492744,1,122.05390763642058,0,31.345741774534915
A,0.25403227745922025,0,168.86059375322606,0,15.096757289996013
A,0.20749577642354972,0,228.27620146171702,0,14.0
A,0.28633635938899604,0,146.71248694635062,1,18.44043391900263
A,0.10836071512575206,0,122.24002366534009,0,15.001436959391047
A,0.8797280634980121,0,244.0578534720295,0,14.0
A,0.04585040159491715,0,77.5993049791878,0,24.279119140577592
A,0.027560898718166936,0,50.0,0,23.656750897863613
A,0.08792510323393579,0,172.00072250266663,0,31.138611636306813
A,0.3140128780754029,1,124.89728878236944,0,14.0
A,0.0948055025581915,0,98.93835914346434,1,14.0
A,0.07525813682339183,0,185.41782236496766,0,18.74621533562733
A,0.3126205807482727,1,162.19003568855993,0,21.29325872792724
A,0.1883762491199452,0,121.79606846316358,1,29.370796823891972
A,0.2925492251902403,0,85.98478006645529,0,33.28454404004127
A,0.3999238235737766,0,193.62286641400723,0,31.715833071258775
A,0.15399599564326533,0,182.51005889793305,0,24.212349335141333
A,0.21226235218825126,1,145.04120681103086,0,28.395994028033183
A,0.1491615824300058,1,242.3318498023833,0,16.876052521846525
A,0.25208726160334827,0,96.49576168369236,0,23.347161539801974
A,0.21577910485137253,0,73.72374145376305,0,14.0
A,0.3085010098605063,0,115.40459650593777,1,22.501483175094986
A,0.4497811912641222,0,147.7206991822251,1,22.7091735791841
A,0.3815485670987916,0,162.16697246613458,1,35.77702884547976
A,0.06990747167750137,1,137.9381971071835,0,20.168137108078028
A,0.18351449498285125,0,167.60276982571483,0,22.72034270122629
A,0.13660497381545794,1,87.42302879047779,1,23.89569132569634
A,0.19799676641654834,0,222.18823020366295,0,18.361437472892376
A,0.4834397110015096,0,145.89244108037155,1,15.580058134306821
A,0.07917066657590534,0,205.8647915794064,1,32.39049059877642
A,0.14591421290651396,1,167.13626731888522,0,14.15266045631762
A,0.2163098181092619,1,172.8376609576892,0,14.0
A,0.16952324074543657,1,178.4883640116102,0,27.442123034363842
A,0.12216706254368492,0,172.38542800086574,0,31.262518736192078
A,0.2871365108896067,0,182.1361379933772,0,18.38872273919489
A,0.2411711533079564,1,216.45762650662158,1,18.51157209880096
A,0.1582618896413547,0,159.8260584850735,0,24.260348208854346
A,0.05094498535403831,0,185.4501878794256,1,16.337178586054534
A,0.34951362960163185,0,145.51321528563867,0,15.74629983510425
A,0.13591830869638424,1,222.00586077247362,0,29.036740703890928
A,0.6760000228672116,1,116.18038489703652,0,26.85704880626895
A,0.5155638558193657,0,240.04702164554078,0,32.48927109054484
A,0.41064215382937963,1,147.99210246778284,1,14.0
A,0.3654097183819521,1,78.46124489409759,0,17.980300104715067
A,0.4906604587023854,0,156.40522074553945,1,24.249436498155625
A,0.4557962643680083,0,115.94741712625596,0,14.59503320180507
A,0.2979264101808514,1,192.0321774494362,0,27.133499497237196
A,0.33629132564508774,0,117.36880103488045,1,31.797016697810655
A,0.5569939740612856,0,127.69082833926102,1,17.333136222181214
A,0.2962841515792653,0,55.522963452723445,0,22.308735521816264
A,0.1235149653966717,1,127.38468403754617,1,33.644949520648936
A,0.45862769147377447,1,50.0,0,36.394172600152
A,0.35537727176167466,1,70.80485882571384,2,27.96641000848323
A,0.03393888129708662,0,188.02073280721487,0,26.747433385548874
A,0.21520523398286676,1,189.2900079325416,1,15.170107722520704
A,0.1474326107018376,1,171.27287808924825,2,24.873675203662728
A,0.5352827632430065,0,101.65119284353935,0,26.454566726199985
A,0.1955431565688229,1,147.614432192901,1,20.317038731511634
A,0.10527739120037378,0,149.81987304547158,1,17.2417899635547
A,0.4801093356445821,0,92.08176554037286,1,14.0
A,0.12668696093975904,0,225.16991508835753,1,14.0
A,0.039835178253909885,0,193.86811452878356,0,14.0
A,0.3267336423121552,0,138.95179130851682,0,26.63554058293809
A,0.2902748561632341,0,151.34429194972654,2,23.181594601814215
A,0.2561004949988307,0,160.41914039737762,0,18.12951094767123
A,0.3071481116171082,1,50.0,0,19.34834961820289
A,0.40703578606011115,0,137.64113087397016,1,23.683764332243875
A,0.30950692628669463,0,115.90078760011008,0,20.683495431931245
A,0.1455682442864743,0,99.91899950525422,0,14.0
A,0.0744287181086984,1,135.94498535570224,0,29.304001762194396
A,0.04164604037116868,0,239.88432634247613,0,24.433009365358473
A,0.3862016047456658,0,182.0421430633505,0,24.127187838510785
A,0.18623860583586124,1,121.44105051086015,1,28.70050162686698
A,0.1449005161132265,0,178.62913906780793,1,15.490837151522603
A,0.042272253081060716,0,219.9677718293001,0,31.709851501806735
A,0.17483991345619632,0,196.23168414563844,1,20.879657184462097
A,0.34710025247321713,1,152.9815184960087,1,29.108791042647
A,0.2975360961500933,0,117.65316111472131,0,27.875592267901236
A,0.10872953935134083,1,184.9111656806795,1,14.0
A,0.19414083783966052,0,169.67426927108747,0,26.023203239313087
A,0.10759489885333026,1,194.7596610013866,0,24.610197366773484
A,0.03685421100736762,1,181.75859008409847,0,22.24249325995474
A,0.6031822368015697,1,202.47763576596677,1,21.24502599971695
A,0.13662945419921368,0,123.2382394219716,0,21.312854002257666
A,0.4959252345330324,1,215.86970328171628,0,28.501515405151963
A,0.20382960813514883,0,159.87998023461998,0,26.62328411033208
A,0.36690981781937915,0,253.76304363126326,0,22.24383080212532
A,0.38070733468168994,0,115.5406090955216,0,14.0
A,0.27217875554513143,1,236.79819015826246,0,25.955547312668948
A,0.34873382093224425,1,159.8955391731324,1,27.788908953422236
A,0.3607316446699307,1,117.42909981927758,0,40.40328068357576
A,0.43645733678825954,0,125.80570829728393,1,30.603464504840304
A,0.028175010597699758,0,133.982634590284,0,14.0
A,0.130526841430911,1,171.20829732009582,0,22.627435192149143
A,0.7303748103105573,0,176.14177440177497,0,36.49100022931985
A,0.028806264059254075,0,121.31499980307105,2,26.988390855213098
A,0.16669030375167906,0,148.78227038695087,0,24.62921728298567
A,0.2453696659313749,0,257.11351793059316,1,29.201829271321888
A,0.30594127507282937,0,236.37715850503557,0,17.020974440073577
A,0.49178063648400305,0,171.8161834837016,0,25.824719973019647
A,0.3003475974928653,0,151.90017390841,1,19.996255688064714
A,0.5024135520286678,0,156.00156633591305,1,21.843012113516203
A,0.1634211376157001,1,180.67589863652083,0,28.62763612556085
A,0.01437407089973842,0,98.86037174007973,0,14.586295180062548
A,0.43970866932420716,0,137.13117312883276,0,32.30385979041551
A,0.19742855072986495,0,66.57079630612053,1,18.617504311315653
A,0.09790766366609675,0,169.96115613026396,1,24.08530266520326
A,0.5827714556452567,1,182.35979698513705,1,14.0
A,0.10229652893470334,1,125.8406768850313,0,27.758698326971125
A,0.16561418141042242,0,228.69933816450163,0,33.57203148757262
A,0.25664935399779315,0,88.71171684988295,2,17.882867606254823
A,0.22284176974807005,1,76.78125598950899,1,14.0
A,0.12991842789022376,1,161.2225909279986,1,24.223864517941667
A,0.38093678186634927,0,202.35491513060774,1,33.63848515993394
A,0.11578662021353238,0,234.19638457289344,2,14.0
A,0.4734760440586297,0,127.055786856553,0,14.0
A,0.6405390336611426,1,203.93404167156478,0,18.366483533507875
A,0.29094988848279374,0,148.07457652496464,0,15.437249403754436
A,0.29370001540411617,1,141.36863500295902,0,15.462516267128038
A,0.11020525755771661,0,194.1829968743336,0,14.0
A,0.7639072919172073,0,182.616143920671,1,26.712455579246942
A,0.08180300711647494,0,71.18039215078753,0,24.70976402295708
A,0.2721052763357422,0,223.82701748629478,0,14.0
A,0.5286130616172936,0,219.0045677073726,0,33.65756607964997
A,0.12784560488618904,0,118.72186492452353,0,35.4487385194439
A,0.23615229254580267,0,169.79017667187046,0,15.992755601759086
A,0.11395745425043564,1,174.70150931413696,1,31.332388727816046
A,0.38350231668084483,0,163.03368829119535,2,17.416017560072433
B,0.6163546821262449,1,340.9061315329884,1,51.345588844220956
B,0.5820049038910818,0,201.109136317563,2,52.91603725331844
B,0.549910472035106,1,400.34706886058717,1,33.07843832482475
B,0.2840418204031967,1,358.48005014283854,3,42.42032679511598
B,0.7098786939711237,1,343.0747965773162,3,52.467205751087576
B,0.02585113794775797,0,357.25873929366725,2,47.3798452949021
B,0.3187809171324463,1,491.54895204659607,2,18.092970767713705
B,0.3976518225575069,1,474.807591602889,2,40.33875074011861
B,0.35178858947454905,1,245.06277255973637,0,45.208632733527764
B,0.883158107236233,0,429.91079942489216,2,45.702356265928984
B,0.36816505692164836,0,330.653455180712,2,21.640461990624427
B,0.2634323461136469,0,339.92766529101993,1,27.115577155792113
B,0.6329210696590556,1,164.6183334685337,3,46.93469882889946
B,0.2514994163773343,1,286.3691387689443,1,25.858875551808254
B,0.5424317786601155,0,234.9741127730748,1,31.403647320028227
B,0.47669187505126803,0,366.24470519146473,2,53.91050971402363
B,0.6042106722721782,0,385.68644003222437,1,34.42640899538252
B,0.41242020536959123,0,134.0410919186951,1,26.278710345993883
B,0.44652438470749245,1,298.2372108796584,0,24.46859171764514
B,0.35902728585033256,1,389.74892038354017,3,38.992631955022254
B,0.6565859185184151,0,285.0656830149244,2,19.002223898273492
B,0.4756893827196999,1,358.3250916001891,2,32.03196843324298
B,0.5279076685285433,0,328.09323741016675,4,38.99876641988026
B,0.19700887733017616,1,327.3328185562101,1,50.58979784657201
B,0.41105537510833506,0,278.2948017545362,3,43.01057696443995
B,0.4598574362527009,0,202.67353566914323,2,26.431218584213855
B,0.29152964969662365,0,210.2775882059978,2,49.141031810764645
B,0.37582485411610067,1,356.74820115642535,1,31.40581954943027
B,0.5724513761139308,1,301.55666044151064,3,20.17156373540709
B,0.17361199753047346,1,288.91902043142204,1,32.93550368881433
B,0.3145458226169828,0,266.0887966142118,2,52.25803041374842
B,0.34370140161313084,0,275.58489236153986,1,36.982880600779104
B,0.40068116284902405,0,383.7529435590511,3,35.15026237195744
B,0.1891657458082569,1,273.1804734505579,3,54.646539736434235
B,0.31843061833868713,0,192.7148229358745,1,18.0
B,0.5594391292588835,1,359.49214204321385,2,19.572810631366732
B,0.27859974674631405,1,283.6098668908226,0,18.0
B,0.7193520602861286,1,302.51166924262213,2,39.47177823776066
B,0.126266731697504,0,428.60626451196083,2,36.997917525381496
B,0.5486698792810373,0,298.3551554119594,0,53.51283640735731
B,0.223032863266931,0,323.13469384949803,3,37.92170092564124
B,0.6422949910349345,1,205.68612069613397,4,30.150114086248365
B,0.43283768776384857,1,282.4264438119232,0,35.02153847453729
B,0.6146385064740076,0,348.7620836166881,3,36.4124890215315
B,0.4441158292702114,0,175.5701012927006,1,18.0
B,0.4987335510630017,1,316.06760744925674,2,67.52397973201872
B,0.2712686659844267,1,308.0632858115845,3,41.238452217222935
B,0.6638595779871449,0,303.30299644699517,2,37.52009969627107
B,0.23932560433900693,1,382.97271189265945,0,42.38196781134296
B,0.648941789674303,0,326.75508118788173,0,43.51293176703926
B,0.26286598806494355,0,418.2457518685155,1,33.31335817397082
B,0.24593285264319026,1,220.5128387524771,4,27.425106365111596
B,0.41195259256064104,1,310.8739653774678,1,42.193408235860446
B,0.39786423954521277,1,306.7573429111958,0,39.62853008637743
B,0.2792711758996751,0,214.4596404995936,2,25.281318810927104
B,0.6371186060549339,1,376.5036001673077,0,52.02842733640717
B,0.3102314687020017,0,485.97386446822543,3,38.520224435875804
B,0.5106008224387528,0,298.6395140412935,3,43.75783234721157
B,0.7957133941998749,1,340.4016870619014,2,51.70305065215903
B,0.4661554718236373,0,306.7614780652262,4,35.26266585397802
B,0.40087018096445426,1,242.91322640742592,0,38.80342408380938
B,0.5508178599395828,1,154.3391777758387,4,44.7203268620734
B,0.499640664902158,0,243.53812135237078,1,26.301666994399373
B,0.35206014517215045,0,188.6433295238615,2,35.64861995415201
B,0.4340223979463306,0,436.32816624472946,1,36.506583039813776
B,0.6645629301070285,0,290.7912244861409,1,23.527297379799265
B,0.6079345072510954,1,272.3264536762263,4,62.81164146408654
B,0.15569000274273675,1,371.1323059830245,0,18.112478678091172
B,0.733883497689611,0,210.25991177152895,0,19.42275315575411
B,0.39282883213024017,0,238.6508769596358,3,50.77071890844295
B,0.6638299901993777,1,305.4457815398897,1,43.55919500955851
B,0.3154371898718379,1,382.30151931387843,2,22.688422190230668
B,0.40080832050168996,0,340.13480361350304,1,42.28746818122031
B,0.24866045420356536,0,319.86601140127055,2,52.61420533996772
B,0.7068583725791618,1,306.2494188188813,3,34.63684330883617
B,0.8500598100496387,0,332.01886844214204,3,66.185874800895
B,0.1922594411725259,0,316.13223241034035,1,18.0
B,0.2352794430170377,1,217.60221801784513,1,43.325881446309225
B,0.5613279838184396,1,303.6863377306521,1,48.99834003465204
B,0.4507578533422255,1,214.1049072865798,2,45.69612681926296
B,0.18275059333679194,1,306.4866034320659,2,32.54773128025222
B,0.21404143487469549,1,261.54816468094066,4,31.51470221586621
B,0.29927665469671805,0,503.1505298226289,4,40.329742053047084
B,0.5660637742983102,0,296.80844929986307,4,44.78905383982483
B,0.495232468020551,0,187.6608346990729,2,42.229681235388355
B,0.6685352844185091,0,289.26558314584605,2,47.480694689520675
B,0.23905589368855948,1,341.54869965103103,0,22.77356051519918
B,0.29933389949363653,1,433.8691156922019,2,32.266748250516386
B,0.3344322973930029,1,252.84380800490254,1,23.71980881451495
B,0.4753231134725121,1,173.4057620781088,2,30.3666466869663
B,0.04310405577282699,0,365.3469609144785,2,47.182650701771664
B,0.29747033136916934,0,189.5521035280279,1,36.29580704870275
B,0.2749283602128842,1,265.1075646794012,5,66.28230995779724
B,0.13851463867417135,1,279.39036115912046,1,37.320876406276604
B,0.5578967914256675,1,294.4293237359914,3,35.716302566956834
B,0.6257610876677224,1,355.1331565659468,2,36.274195033282595
B,0.7006683624252918,1,245.309257417089,3,27.34629568568077
B,0.4943734919172871,1,278.10165982665916,4,34.30596065146887
B,0.7231254840411493,0,298.8583717640489,1,48.53345632533975
B,0.20273248809863062,1,311.96783660150305,0,36.36764801753327
B,0.8175527819234756,1,307.8261739766338,4,25.478483241398344
B,0.17348308806111956,0,334.8804620178064,3,23.89898455425638
B,0.6080983513092687,1,367.507160771339,1,29.59757730000988
B,0.374067882321431,0,331.41072925207743,2,35.88636121293057
B,0.6237378199118373,1,336.2868418807375,4,49.32303842571514
B,0.47696737819781504,0,173.42214666028178,3,18.91413630360276
B,0.1068859563166826,1,304.01821593325445,1,31.162084665334923
B,0.36758225085860285,0,338.3606038401287,0,36.73172023322095
B,0.552761266855901,1,358.315295565636,4,18.0
B,0.7137009738075828,0,244.61193806129646,1,24.996820604403123
B,0.40100408973867563,0,247.2768580089084,1,26.841337523165762
B,0.7457165138399244,0,254.07194597731214,3,25.44835551379402
B,0.17525113830082986,1,342.91311199130746,3,37.30267454025977
B,0.26828722102119124,0,382.71048439393667,2,33.07328468597843
B,0.8055698009284721,0,267.40319141667186,0,28.336566768787563
B,0.19793024754642793,1,372.63698509016393,3,40.13555151863162
B,0.15729071809683667,1,309.87838473316754,1,55.676896611755
B,0.37254267073329345,1,290.0571378270051,1,54.67107820090102
B,0.5930410314831132,0,283.0892616145625,2,18.0
B,0.1649149412935216,1,359.72890916817255,1,41.924866206021676
B,0.27744780166100635,0,326.0462253429656,1,32.86372051923394
B,0.3473119977985172,0,482.06603421181103,2,36.861864114384275
B,0.6288402329338834,1,231.82202856021405,1,30.220603597489415
B,0.34988355374157704,1,341.44813616239804,3,36.411063558646426
B,0.6635005488364598,1,257.663919215079,1,36.81688875286422
B,0.2590290497621147,0,230.4570410409085,1,28.052578911812923
B,0.2523467710933282,0,299.13062903720225,4,24.24358942609783
B,0.43392210390912683,0,310.9881983525629,1,29.61565180856619
B,0.35397992109064313,1,533.4538844048075,3,37.81111117348119
B,0.471500043584389,0,285.26833474534385,1,42.18795610021117
B,0.4603489970520127,0,209.58570164122534,0,45.24018772808176
B,0.40971529288284597,0,321.8408573995508,3,29.069719723197046
B,0.5060885313712205,1,134.02879699629054,1,38.40613480763284
B,0.46103815454244335,0,292.6434573916587,0,46.55003110343958
B,0.7339968911609746,1,301.28202258361284,3,48.98713874172954
B,0.7606053470439926,0,363.56803063561694,1,34.29400575042173
B,0.16016290283536197,1,377.8897799542277,1,32.34881930072465
B,0.420906295582277,0,259.71443048738263,4,37.29349080603671
B,0.3542376230011854,1,287.95087882960536,2,21.203510325231132
B,0.4737577098856067,1,238.71033355114633,3,32.6766858675739
B,0.22704461983916685,0,209.75499561538447,2,43.93503678167756
B,0.3789903351677866,1,324.79158235045077,1,42.70336555332442
B,0.5365656785752966,0,198.11315611227207,0,31.75678874763333
B,0.5946421906343432,1,266.82984795425097,2,37.612618413046
B,0.25054113913525033,1,220.386083208061,0,25.10419591651175
B,0.3828782678870191,0,343.97465490322077,3,43.441905778700296
B,0.5349704285643861,0,444.11440794131903,1,34.066142766362326
B,0.7489946741315215,0,195.8729613757335,0,31.688582579646344
B,0.5360789550078187,0,151.75852136819447,1,30.65931396687936
B,0.3724055084601375,0,290.0090491719946,1,34.2452735972017
B,0.5940525132233442,0,301.25582367662065,4,29.6254682608165
B,0.5143747069357283,0,317.49274454058383,3,42.89771643203076
B,0.3870444150753946,1,264.2943587812524,3,30.256597423805832
B,0.6021707722631935,0,283.94885609396545,1,54.115569152328575
B,0.645796086742051,0,329.40083284324817,2,52.582526041776575
B,0.4767573855048477,1,383.2344714115871,3,24.301478121745944
B,0.672170267272899,0,143.59609837453738,3,35.836451233151365
B,0.9224004872142548,0,270.484844877483,4,27.19212054396566
B,0.6936833754813183,0,317.10470351528505,0,31.08022924173666
B,0.11480718107807458,1,226.56191163114113,0,59.02912961173757
B,0.45080930272212705,1,438.493570541384,3,31.30914299461041
B,0.60319011378849,0,249.16720958170103,2,39.322712444929145
B,0.5068292638302654,1,296.69658503941736,1,41.49585552809934
B,0.37142468396463224,1,344.4817677473833,1,22.99244753020111
B,0.45449103867522533,1,252.69721689584844,1,24.73885430708954
B,0.4889790240290217,1,152.27415617564662,3,20.527731543102576
B,0.729331401125351,1,265.70763784667736,1,24.368351193226676
B,0.27662574898351316,0,382.3552444741632,0,18.0
B,0.052620143970856265,0,273.0483898571889,1,41.53498880952354
B,0.22578436775777164,0,232.2852558832817,5,59.65032609507284
B,0.46574909857714386,1,374.0537767602177,1,36.77384886843832
B,0.6990744584021776,1,273.5380083181558,0,18.00477368791271
B,0.34812105541257155,1,259.1871349079826,3,27.286683405200623
B,0.21228735709150237,1,311.9564871730648,2,29.493477859700036
B,0.1559936230280636,0,361.660016769503,1,22.78898267343949
B,0.6160932553656315,1,490.53708253860367,1,45.32219166074188
B,0.22918955922088868,1,366.1788886125938,4,44.723120532504005
B,0.35578530003536557,1,392.78719731106753,1,21.134578474188086
B,0.5653372263798713,1,259.52270408097155,2,43.70097253337009
B,0.2940751877307156,1,217.9305515224419,2,53.32175196292718
B,0.8247374372703804,0,304.98650796952984,1,57.83069846275472
B,0.5845456734781778,1,308.5735932207677,4,69.38254427703154
B,0.3615669068980894,0,213.7189806908322,1,24.17608820668163
B,0.719247612857491,1,285.976437607679,0,68.89064511674243
B,0.4212266116099261,1,331.9454081375305,2,30.74952333789454
B,0.11292851535755741,0,328.8314716014464,0,27.890414535433827
B,0.4272886611826413,1,340.3430282707418,3,38.924868498534146
B,0.37121129976867034,0,323.2771784109954,0,28.015263990883852
B,0.5013018088877158,0,259.43930725839556,5,39.78852968775831
B,0.6187399742509454,0,258.88794986809256,3,19.15907374715238
B,0.39620849429786875,1,204.08388816048992,1,32.13496877523879
B,0.34360839251386727,1,442.7820031348076,2,50.426986812340154
B,0.5523741154243434,1,301.07602916954346,2,34.31526450282613
B,0.1245378081637324,0,282.01175553641184,2,36.69914944087859
B,0.6234442452991865,1,225.69663348380328,1,40.70310325660774
B,0.5852562194094797,1,534.8526321862223,4,49.04793955181192
B,0.5268376222935027,0,214.13375742216834,1,18.0
B,0.2774565024055319,0,265.69216595151414,4,42.014288622049214
B,0.4167046511233135,0,333.26694690288485,0,31.78233032909884
B,0.72638915463472,1,348.01703725954224,2,36.99965474374206
B,0.16495064485965286,1,376.63456441725475,2,47.71940203714851
B,0.48203078446010283,1,444.60868062154105,1,20.669760183057868
B,0.2561588778663013,0,340.492612436857,4,22.848266702682928
B,0.6167995265783234,1,215.5175360026666,2,18.0
B,0.4221875696327751,0,279.4443899902575,4,28.41009269883468
B,0.6885240965511399,0,324.6265898011108,2,50.9651881325458
B,0.8090574770142565,1,465.4580833204659,3,33.552953738318365
B,0.40660531954177137,0,188.17556172605623,3,18.91850125214257
B,0.32363768106026775,1,396.2061204180182,1,29.171855065099436
B,0.26013010652465784,0,314.39314956371334,0,18.0
B,0.5182148030751947,1,367.0264428183585,1,21.49776677922606
B,0.6336291472125638,0,291.8404226691254,2,39.66582692316456
B,0.7368388315156466,1,232.6053895898939,2,20.913520084327654
B,0.6081759869566227,0,360.06982235210654,4,48.35161166243962
B,0.11663478850054405,0,352.3544821684497,1,34.14655651003597
B,0.48797032984317673,1,377.76455725917776,3,36.02713644733431
B,0.5145506303035388,0,298.93562916970916,4,31.65952438870527
B,0.45223240047209723,1,252.01423813441204,4,44.27417406252468
B,0.5629557407458343,1,175.2970403980927,1,44.397918653324126
B,0.8750827140768698,0,365.54986145115254,2,39.020652222946055
B,0.6441051662611458,0,333.9111585955189,3,41.77746927089178
B,0.5229461682308922,1,222.73738937088325,0,32.45492396095489
B,0.11970458198908314,1,256.91410613627005,1,41.50643608290858
B,0.6145130582785022,1,262.65929504388475,2,30.94546669431432
B,0.4737269135718271,1,181.36124544140654,3,35.02677946594883
B,0.48359792623326686,1,234.5854082715893,2,31.70427500760443
B,0.28709736832942345,0,209.29357145549167,1,29.51337752816965
B,0.4778849861177949,1,267.00167904896506,1,26.73065842733852
B,0.07579302707077815,1,240.904200133635,0,40.61228124630662
B,0.18083771890335149,0,169.8396063306601,2,50.72727095376156
B,0.3739742271502159,0,461.80721844555853,2,49.05322366003472
B,0.31115258625526937,0,400.20325848233847,1,19.921215968654774
B,0.6906089479720089,0,237.67844627840117,2,50.47043661688248
B,0.31124736954734883,1,321.7937117322888,3,31.182097980584853
B,0.4041065521341254,0,333.3972071857036,2,42.2087961817471
B,0.2452911042767851,0,395.28686838187815,2,24.125416015433466
B,0.5644396590072338,0,234.5115978671937,3,36.70375896648807
B,0.8388934625861234,1,387.3685427185941,2,38.76467819476289
B,0.34995890060023477,1,256.1675756634452,2,18.0
B,0.778473158879923,0,193.13100766651092,1,42.29920599613027
B,0.5583816049411637,0,357.9309247451598,4,51.15122009405978
B,0.19021649047785058,1,403.2606739297943,5,32.90422465182046
B,0.48191273265556434,1,507.0327178824548,1,51.32201756993615
B,0.20945993235036137,0,204.02197879278293,1,32.72367807857111
B,0.7460838060553253,0,355.9135748064631,4,45.195014372559406
B,0.5418731469788172,0,267.21590049651735,2,18.0
B,0.16255473912753735,0,362.6686968419225,4,64.02533335176156
B,0.405672552098218,1,182.36083590149997,3,52.945498942915485
B,0.40698572343414247,1,198.97841794411488,2,31.584493948955853
B,0.4970645394407002,0,237.9300141466813,2,18.0
B,0.4859875742460002,1,306.31712365344674,0,38.45634041966587
B,0.791947390448412,0,248.71349867693158,2,18.0
B,0.37233795093284283,1,352.72434751307355,0,40.338242450689854
B,0.147685003415329,1,382.15156946063314,4,39.938788629971384
B,0.6833487544928127,0,347.96620329962843,3,23.703161971975703
B,0.32549966716948,0,429.50301117286944,3,48.45160428337253
B,0.3157021852358506,1,333.2661303564274,0,44.66689643367408
B,0.21727595564812774,0,202.64826317278664,4,46.70988004746276
B,0.46423206070934947,0,409.0701210830672,2,35.10629244402674
B,0.7232437999354046,1,251.5875011515202,1,18.01371119703552
B,0.4250428947600066,1,372.8334799748456,1,46.73446726653365
B,0.46571351949626144,0,425.8987373244085,3,31.755543210370504
B,0.7235151057778719,1,336.53504085843196,2,18.322638281687972
B,0.44827131803576586,0,180.30729494682802,1,51.22447239169191
B,0.18602828953262027,1,226.54302667921667,2,60.19289024603011
B,0.26822141923714626,1,405.81955735081084,1,34.50502245224956
B,0.36795804522414116,1,286.47018514857467,2,60.909453855239505
B,0.6148264590086561,0,306.3658827953733,3,36.095776743336195
B,0.8141778175872154,1,360.7059532930887,2,30.434529150003787
B,0.22009000744006588,1,355.7058289664259,1,27.43449854977427
B,0.21542493552509442,0,322.30398499083685,0,54.64498889591291
B,0.4120795917497966,0,283.3065303023627,0,25.63827342334674
B,0.4968245178729662,0,274.98652434141144,1,43.82323171969985
B,0.29370097569461684,0,368.63190602330747,2,28.2900339792895
B,0.3649944484556092,1,344.28556248542344,2,29.476318849107642
B,0.4870461069882,0,279.4159999505768,2,47.362996327634804
B,0.09940592234941027,0,386.56898503945126,1,30.439557844527755
B,0.5637133243456726,1,289.6772707896173,1,30.142455446956482
B,0.12949381659071302,0,231.86702605324854,2,48.59365636609769
B,0.0800283518455759,1,239.2823440877324,0,54.16876751865948
B,0.638126719265083,0,221.7007330952187,1,42.7362776394108
B,0.8007484341973107,1,278.20719867170504,3,27.14276269251261
B,0.5168497998370379,1,398.69794226689544,0,28.872698008429047
B,0.7248092487746401,1,235.5923855175593,0,35.95898316488045
B,0.5009846847353631,0,315.0780608814482,1,38.85116074310789
B,0.19939788292255545,1,247.46485234980696,1,23.145609078322735
B,0.3299670647596403,0,279.175276698285,0,43.676455274958364
B,0.3439440641461253,0,179.19670304117983,2,36.02615995567519
B,0.07878995148699458,0,282.35694166747703,2,18.0
B,0.17227514721276221,1,284.50356961560306,2,23.852882210471236
B,0.7732629799448953,0,343.22303552285564,0,28.950455916180037
B,0.37895041327911133,1,317.86247306042964,3,34.12570773390734
B,0.7583484773901508,0,204.12863000383638,0,57.67134554604795
B,0.49795867526214077,0,386.73585952348344,2,37.85805567367554
B,0.49542372118518446,1,316.82424321775966,3,24.9107373212165
B,0.4096730485105692,0,315.87148137419894,4,37.647569651685956
B,0.8241742101323192,1,299.2654117291889,2,30.774947030553427
B,0.3693369488574867,0,258.5794042222224,2,38.8970988744025
B,0.42513148318692034,1,317.42418717989807,1,41.96681224442737
B,0.36582070380696713,1,338.0470748742866,4,49.51076776668725
B,0.5638140012815148,0,160.2483446923556,3,34.70856205195969
B,0.3945828059749323,0,256.89913301231235,3,54.667526331198
B,0.7918450723259485,1,279.60424236771286,2,45.8962719504343
B,0.35441051692,1,320.49364845554226,1,26.510725462253745
B,0.20414922476528188,0,395.46488047417006,3,61.51826798898157
B,0.6266185645187018,0,238.2607348322574,1,38.92393415924117
B,0.6908368975145299,1,260.1630522545726,0,24.97850595233318
B,0.4809564393961787,1,258.997271148276,3,54.83495661476506
B,0.702587040736242,0,235.8777927916367,2,59.93333102238134
B,0.5764873999583633,0,272.225080391019,3,34.60369683536528
B,0.48032164152960455,0,361.6641775990377,3,28.956196875492843
B,0.3755470005935932,1,215.69316037085235,0,32.931500510556056
B,0.5133464629006298,0,334.22515161223225,3,43.5767807302124
B,0.31825659446673654,1,163.84782159853316,2,50.334279860366166
B,0.1876484975979815,0,255.09296028462353,2,41.84584797036288
B,0.3895574650513291,0,273.6408559825611,3,36.22067850166124
B,0.23790389763388553,1,433.98877383312515,1,52.97614124365313
B,0.5282286101656307,1,278.015815619785,1,31.245962323381733
B,0.5753917042555557,1,123.90052212392652,2,47.37103206040288
B,0.6145195942517905,0,140.08888745110002,1,31.54324641978466
B,0.4446790593513083,1,302.72236690773445,0,40.172275496130716
B,0.713976547472032,1,349.1016684631927,2,33.63724922251458
B,0.7000052363983856,0,330.03646861018024,4,34.32977380816627
B,0.7272467445953832,0,313.40560846407925,2,30.471361790453482
B,0.5273837641847824,0,392.98076780045335,0,51.138248374168334
B,0.4722611335773896,0,256.83270234102946,1,26.204887542697577
B,0.3924331627708672,1,371.592844482146,5,26.117212969415498
B,0.319427780092508,0,169.4388091978866,4,60.45192279014131
B,0.22520307443858203,1,227.6041733649547,4,46.73417077585198
B,0.5498664690115139,1,155.4366884054547,4,18.0
B,0.3789765187130902,1,278.0123759464166,3,28.216895129475155
B,0.40106016015381035,1,296.2991026186926,2,18.0
B,0.5009911091190424,0,309.1281193781216,1,23.59171167901694
B,0.7540927817442724,0,304.9506682309708,1,18.0
B,0.534944782963793,0,225.79573353506174,1,33.35612506767269
B,0.3251643639033939,1,284.78073244694275,0,21.29669817006426
B,0.5460881881187366,0,180.2042665115401,1,35.71886308155726
B,0.2666774406264556,1,409.05831801058,4,18.0
B,0.28236259871844527,0,275.7099141681599,0,35.99494223806448
B,0.5522262482136439,0,260.8891104765047,1,30.021004662556074
B,0.3222790284722354,0,427.11522627552665,3,53.02343558226315
B,0.627925585472155,1,200.62027731606167,1,51.9362823409475
B,0.777719868681412,1,209.95303087744247,2,44.424147236123396
B,0.9314381066749816,0,212.3023740105148,1,31.080634632065447
B,0.810487707695089,1,294.5702894640414,2,58.82456474312352
B,0.73242425519946,0,334.5305303710078,3,18.0
B,0.3758272188686521,1,359.1740374494267,1,18.15729644523605
B,0.5975106944187104,1,505.7596253995975,5,33.994602801331226
B,0.44058336078485943,0,120.04540366393888,5,62.04845730705343
B,0.4891462882402607,1,348.6988471299534,1,32.57193311755895
B,0.3187672867074585,0,255.4295541942215,0,32.801057081488615
B,0.6067044397754988,1,253.08678808889812,1,18.0
B,0.7262940304908205,0,250.4182297396898,3,46.351155023244544
B,0.7133886385251317,1,227.29842633536214,1,46.438115051952245
B,0.5390855956836635,0,434.76198676827613,0,44.46890241679892
B,0.18025404328804354,1,367.3837861611122,3,27.44935192583165
B,0.2972636136899853,1,301.85567828459,2,26.51951877952393
B,0.8176192503050055,1,408.08126019896,0,19.482532995140353
B,0.38870011872314547,1,178.99768277608996,0,36.00647002113121
B,0.4996379351850092,1,193.5435894935259,1,22.03511204865798
B,0.8505833808835602,0,125.76258142442498,2,20.871001937008536
B,0.5850646269732148,0,244.046836790137,1,29.915711397071888
B,0.04442409657420779,0,312.93588213638026,0,29.130125897789405
B,0.39032118628018536,1,308.22868623458675,3,28.544257654136537
B,0.6713183834465405,0,311.94735288479046,0,40.597335162083134
B,0.622854557219658,1,187.11545351471347,2,35.94857362580335
B,0.2721011787438829,1,364.2523794091218,1,31.54212763386659
B,0.317385727194144,0,319.1702014591198,1,37.19615513973778
B,0.7012343861931539,0,358.6443425172799,3,23.101675506744414
B,0.17225802800323883,0,148.57902579279585,2,36.263343486916135
B,0.24573430493332715,0,324.9192687038232,3,36.807229914135604
B,0.3952122837797901,0,204.97878080659785,3,18.0
B,0.539778901987586,0,268.21413979589107,5,46.948325052444346
B,0.556387747253804,1,342.74919189091065,2,24.422795537276052
B,0.6078236143292642,1,307.28748850047305,0,36.08371759047722
B,0.6887460050745512,0,231.8768016176545,1,48.972940886423245
B,0.315110450063572,0,300.50185249475345,1,46.108121092566435
B,0.44169632223117555,0,177.47717478050856,2,35.412000662826024
B,0.6281558004650054,1,392.0213916718637,3,30.650011965415178
B,0.5806286808351054,1,283.5772784402999,4,46.37014290290681
B,0.44914976257015393,0,389.48399554042606,0,43.09633973370344
B,0.6993480078851408,0,257.87746503231654,1,27.57961975947044
B,0.11963452934896801,1,258.1139209274734,2,25.461276235979717
B,0.4812084968343549,1,238.86505706897228,2,18.0
B,0.25177665099751645,0,370.09391453544606,3,36.84838210020305
B,0.5761616271501376,1,243.24550741372192,1,34.00762705977922
B,0.6379461229368322,0,351.5676345932141,1,48.63429649571051
B,0.36155285523178265,0,269.4038081864568,2,39.3086611217644
B,0.1745733733753899,1,141.92293600867043,0,51.010750330072284
B,0.32059822366667234,1,254.37487457708272,3,26.631629265005948
B,0.2787267805456957,0,205.67134285097214,3,48.65780397161142
B,0.2792014885508924,1,302.712217894587,3,28.653003450744137
B,0.3989181361376033,0,204.76738114604078,3,44.33115274150727
B,0.6776605582014865,1,374.0780080571693,2,18.0
B,0.571674074098943,0,292.71393117175785,5,37.82162359239426
B,0.3969134454626897,1,285.7923204193009,3,18.0
B,0.7648762866535962,1,352.4713710230066,1,31.794350168698944
B,0.33531148497016033,0,377.112554726069,4,40.28424792653496
B,0.2878679920917295,1,298.39209985842785,2,28.748377385226853
B,0.411508000153184,1,238.30397603605675,2,22.39474845492839
B,0.7720086705139317,1,158.08243071102964,0,45.153421631551204
B,0.3390087134196767,0,245.1160194371856,1,33.758446521836916
B,0.4932523069077131,1,250.6230202681631,2,29.12515223563194
B,0.4668801761063708,1,308.5645962393837,1,35.50275105385132
B,0.28644422121248414,0,272.3882495089578,3,66.64002970334707
B,0.6213885846890123,1,355.0346377641142,5,48.842034197378524
B,0.33184914791661124,0,250.96133829834486,2,48.95088401825409
B,0.5822939858149851,0,295.43670665176467,2,40.22655582790837
B,0.15999425284376673,1,394.71899545575116,2,36.997823270925764
B,0.18744514223874442,1,327.3460171163973,1,18.0
B,0.39019491471637097,1,295.1969966649148,1,26.852235842442415
B,0.5061366599608166,0,251.84444464518583,3,29.233107041570307
B,0.6952261864037262,1,249.34148826280182,4,18.0
B,0.4099469862952883,0,231.9509397638442,2,21.111010517414798
B,0.2773771003368119,0,256.71945073736805,4,18.0
B,0.9064505646976677,0,360.45326709954514,2,34.54011397163153
B,0.5509730421314084,1,282.2489382966185,3,44.82519165018579
B,0.5014034037033163,1,192.0181544495015,2,48.28129422349194
B,0.646547155621242,1,441.45354344478267,3,39.97741354495089
B,0.48851718146527795,1,325.59721529161305,2,23.43924390561717
B,0.36328560686068767,0,187.44452795894645,3,18.0
B,0.36811202514529007,1,264.6520858207341,0,18.0
B,0.3801103441831307,0,308.8709106262734,2,19.77220907294602
B,0.32610611819766516,0,436.3673674637902,2,24.333683623571904
B,0.269737643886948,0,211.35100333929046,3,33.08301802410096
B,0.28648392947821816,1,378.08325754847573,2,22.83002938247638
B,0.6200716940710673,1,411.95891415778743,0,39.067710724019136
B,0.6416412352318203,1,249.70765559403438,1,32.21271796640632
B,0.5136820099727293,0,277.79891049118135,4,35.12654854089231
B,0.4510309691890477,0,217.0952602100984,2,48.68300663205446
B,0.41112101903208326,1,283.7231087135756,2,20.837219189595558
B,0.44795951148880064,0,297.0728020525655,1,40.024454939508416
B,0.43701802205178847,1,352.77199984658967,2,34.832321258287124
B,0.2740248389041014,1,387.21467768163575,1,30.998164628363657
B,0.7244881777420615,0,240.15231483026824,2,45.62307585039152
B,0.5459661629926814,1,142.61399486192045,1,45.54816985468409
B,0.4588765385331239,1,298.30041765790065,2,23.64211044813886
B,0.6683565440163969,0,323.48300239749125,1,32.81407299370491
B,0.35871133419533374,1,319.95341501480334,3,38.37454019100878
B,0.26708477676826864,0,273.86614019927646,1,31.723919023728985
B,0.6252462834596563,1,309.98016797311476,2,42.02025598745358
B,0.826017633827065,1,421.2355846681798,1,38.374304214923306
B,0.7559280239279559,1,330.53873351700076,0,56.99073488427215
B,0.7102085844167993,1,270.1305259997532,1,18.0
B,0.5138068857940052,0,259.98417463232033,2,33.53076812303123
B,0.7075672754401751,1,286.41181138578156,0,24.097969861853706
B,0.04611065949083575,0,430.93919694645115,2,42.24928946526853
B,0.7259787377345429,1,285.3359432379042,2,18.0
B,0.33178185716310915,1,298.41645243834336,0,39.15575252269864
B,0.21406613589523193,0,261.41491432509576,1,27.439418823819906
B,0.4638247936379979,0,387.9186685953572,2,26.190057606547832
B,0.3600390389030809,1,456.786980379574,0,18.0
B,0.39855186296929196,1,336.04904395451103,4,29.419088645587927
B,0.21990320910703995,0,306.62183230283404,4,48.014006363491106
B,0.5158794629675124,0,302.94262665393876,1,34.697735797646246
B,0.1796296374589707,0,109.25545689714033,2,42.53216501449369
B,0.3291308225874353,1,359.6120691427854,3,54.975701863595305
B,0.265998331523361,0,310.73331327966747,4,38.16506701787091
B,0.16796495677986908,1,334.267364052858,3,28.294405135251914
B,0.6763682241347658,0,243.08302447330362,1,40.60702658219348
B,0.18408577133285825,1,269.24344968183266,3,28.468446244228495
B,0.6879589717693352,0,267.1180050797462,1,28.94692780043397
B,0.44496188593172753,1,381.72983872584314,1,18.0
B,0.7943491591582922,0,269.6992130717525,1,46.11508989301271
B,0.7828882468398671,1,466.6128257687838,3,30.367969092206728
B,0.5829049648867922,0,334.468993521203,0,37.18517894979034
B,0.6199430733049407,1,197.9453872003415,3,22.568456856720324
B,0.3966894645431764,1,289.7162965398434,0,40.23137155658567
B,0.6370573615073518,0,247.86599022748675,2,25.856705142378996
B,0.4143389227981486,1,124.44940241439807,0,33.29949533957811
B,0.3922875031932255,1,427.9576752091032,0,45.53391237486951
B,0.7300284565501592,0,356.2514033776003,0,44.48911174679035
B,0.21474138065967927,0,342.656585431945,1,34.735639129796716
B,0.5123392902528552,0,313.23229282397637,1,18.0
B,0.6664573731117308,1,189.438594504605,3,70.91372684072769
B,0.26198789066019545,1,261.31062883556507,1,55.95030764327763
B,0.5539432681212996,0,367.34246198272103,0,43.67209789865958
B,0.7045253478987262,1,215.9023976173998,3,25.961554620908352
B,0.7548059194429675,1,100.0,2,33.63689405957643
B,0.5626444539113473,1,281.8315193775259,1,28.478954842681794
B,0.78358036482397,1,288.6593956777969,1,50.16627126915666
B,0.39721342465921855,1,310.8450733131767,3,38.15003469022201
B,0.5038223260043075,1,358.2814914811629,3,25.590033699682007
B,0.4958160952219985,0,351.0084649784967,1,29.350938810502615
B,0.4317476140091951,1,320.7015844195137,2,48.45425771083886
B,0.6120911807705706,0,395.64251104693676,3,54.20117416184574
B,0.2969900199204594,0,178.48241753493483,2,53.33997876183494
B,0.6726920266880502,0,340.36654515819123,1,44.08438478064773
B,0.4665846229187299,1,350.1230690669554,2,31.968501574368357
B,0.7307995121747751,1,200.83501711358082,1,18.0
B,0.7981728768594516,0,179.77035130540884,2,38.56592028569866
B,0.27983539018701115,0,240.3246298819519,4,34.9780548938708
B,0.34510754315423386,0,247.07668459877664,1,36.679785155856244
B,0.32144272805133645,1,360.27355708019445,0,35.64676816439847
B,0.23806700012063958,0,250.8368973047124,1,19.084854056610116
B,0.8586351447113617,1,231.4921185375037,4,41.68890268221423
B,0.49975801500639827,0,251.06930106443528,2,42.5865957683822
B,0.4030385119326303,0,389.49058673233696,0,43.18806538471591
B,0.23493106581781512,0,301.0434699501562,1,46.35892404288064
B,0.4720714031785799,0,285.65991797144704,0,42.24861973905948
B,0.2498335782362792,1,291.19956010391587,3,30.07964706153307
B,0.4900816224771008,0,403.3648267461218,1,34.149957825006915
B,0.3745532957589821,0,240.06626187174066,2,36.09349840704052
B,0.6850831157409012,0,405.2406632752083,2,36.292393389279425
B,0.43412704993368184,0,316.8397039137203,3,46.97861187166076
B,0.8296808198025442,0,287.1664494419722,2,42.72402503626989
B,0.3446525031928291,0,500.07203983474255,1,59.92812127483944
B,0.7132781534978818,1,215.5488408161123,4,61.477627758616066
B,0.5423696263067914,1,271.70513923463955,2,35.9557949913671
B,0.17552543738592585,0,201.40550086687998,2,18.0
B,0.6895456453275136,0,376.19695764289355,1,49.8419895935272
B,0.4069821262846159,1,435.1351146921343,4,28.515483932155348
B,0.7939248347035456,0,433.5938225123711,1,25.38219293802792
B,0.21933613871942295,0,397.91590025168034,3,30.218656700127596
B,0.30022590009351674,0,284.19036257632274,2,29.64028343822472
B,0.7461478065361337,0,270.7807218008123,1,42.34723772126471
B,0.35880283938497476,1,166.3064182004748,1,18.0
B,0.34492119330643245,0,462.8698828145434,0,22.067351050500783
B,0.290293526600071,1,337.51824625187743,1,39.117902650369
B,0.25093763000245667,0,260.64344761044134,1,42.475328364959694
B,0.48967215789986707,0,406.2445511189574,1,42.69849973923215
B,0.5251393941244351,1,222.17883865919993,3,25.555564652800413
B,0.41697192828638296,0,332.52976273781394,2,23.26081220880512
B,0.46248447674459786,1,286.1896692567332,3,28.920381994544968
B,0.6773280290018714,0,351.09417119042405,0,37.8784730274167
B,0.6065992579503946,1,294.91411686511026,1,52.82572843127059
B,0.14546799140726263,0,183.92576871110208,1,18.0
B,0.3532389626949385,1,306.04610981360304,5,32.3512549164996
B,0.43753376628806223,0,383.909131350029,5,19.007858707697554
B,0.24459715290989661,1,297.6626875316812,3,18.0
B,0.6590911835835465,0,362.00920972712686,3,46.6034797441378
B,0.24697231737769,1,216.35764114607576,2,41.535494893992066
B,0.11558142419282029,0,297.8991365384118,2,40.393202191367145
B,0.3038744653049863,1,250.0391635929138,2,46.05231007677192
B,0.3417630235382488,0,359.75846720837677,0,29.243373238806367
B,0.6041077088460798,0,302.51932498095965,2,29.80834980399766
B,0.08394720784730686,0,355.205894106929,1,61.22876740067089
B,0.1692513569410832,0,387.01683409262927,2,32.041147348885104
B,0.5737560239605347,0,355.32948600971105,2,43.821585356649095
B,0.31423082379143313,1,321.84947474349156,4,35.07657849155978
B,0.4439018997505317,1,220.14301931908759,4,18.0
B,0.8929101716177561,0,299.7771111466479,2,18.0
B,0.38728814146437973,1,257.35276783873337,2,28.052189360721144
B,0.5901188153353281,1,272.47488346366185,4,47.67321502003987
B,0.5251808269503745,0,270.0372679399799,2,44.45949987963205
B,0.6494257617420458,1,221.60595401742046,4,45.9689259706884
B,0.26429688021745773,1,143.4129128692808,0,23.155445852764217
B,0.15840684841387795,1,246.54855613377865,0,54.390469881467766
B,0.4806423212092323,0,315.4703561539327,2,23.42128039776339
B,0.2972777165229591,1,192.1458363658008,2,37.553892784039625
B,0.11870582819810874,0,301.25457891772993,3,34.87577252110716
B,0.39430873284192786,0,452.0214739448772,3,32.91351415622496
B,0.2734771446146371,0,381.84452442017914,4,51.06310565954728
B,0.4035543164361179,1,431.48332072964234,1,26.53867375800847
B,0.23463731839177945,1,331.2902301546181,2,18.804736931456866
B,0.6956093418091601,1,393.4007858389157,1,35.239945834477034
B,0.22437720716806525,1,242.082821562577,1,30.202079188561683
B,0.5855566483806585,0,248.45277863824126,5,75.0
B,0.5329655127760459,0,100.0,1,43.1180897172797
B,0.07415681097584348,0,394.8916379233839,3,30.087913097376507
B,0.17225083006416697,0,423.2259183855909,1,22.32666116975496
B,0.14692777191605116,1,255.74582037221842,0,18.0
B,0.0489282180129076,1,279.68386348822116,1,22.697370971150804
B,0.12240126594455335,0,239.69103090472308,0,36.37930126110958
B,0.2651353772073915,0,330.61228411819934,1,52.12794381913723
B,0.7256626472792677,0,389.9946036242593,3,48.46026970865503
B,0.5423171424775352,0,160.57824208951672,2,37.749137979756554
B,0.19383322525974284,1,332.7550824513802,1,31.121988011570185
B,0.3999590690186291,1,277.86625826246836,3,38.22574827694585
B,0.5348301194528248,1,309.0715513573351,3,28.776344030185086
B,0.35771258728232336,0,336.71952013394326,0,55.62036794916651
B,0.037169728913418514,0,284.94380489817433,2,32.72971782469904
B,0.286301195768083,0,291.71305172753756,1,33.96394570103928
B,0.4628261826209023,1,282.8899865956289,2,18.0
B,0.24917072321481643,1,377.62529614306254,0,32.65478184172683
B,0.2078217707183784,0,333.50079681019974,3,45.037809655579295
B,0.7334792495514947,1,317.6466830189889,2,22.187329075537455
B,0.2956176468050623,0,198.3238623126174,4,25.991355986086248
B,0.6389196815222119,1,269.71362054294764,1,44.512532212803976
B,0.5310068710011323,1,371.8935328271339,4,18.0
B,0.3896162715202316,1,303.01572584991385,1,47.693612090503024
B,0.42768980575744253,1,352.76251756713106,1,28.614273317922773
B,0.5209669880557593,0,441.32094402621067,0,30.337181354105564
B,0.5093921138923121,0,383.0884855367053,4,21.51345913849287
B,0.489789126238389,0,307.4526670159794,4,39.5365551251346
B,0.37388734385757544,0,259.1208663843418,2,64.51846382035257
B,0.5521843387153083,1,100.0,2,44.37796687352758
B,0.3018113715778789,1,286.5292062021718,2,24.628576856713572
B,0.10772749430508696,0,273.9190003346521,2,48.62744702589771
B,0.6964564589172283,1,331.22929555163006,4,31.199845448789006
B,0.19749112615217773,0,287.687581842025,0,51.49381977713071
B,0.594914613626216,0,274.36919524505646,4,44.680116825972355
B,0.281967887178745,0,157.64808555942236,1,18.0
B,0.42734984407248766,0,224.8025736679947,1,22.951044404539672
B,0.6482863986194854,0,338.1320832640446,2,46.33262267402468
B,0.7020523358126777,0,437.27261049061553,3,36.81988726574021
B,0.7773369498380033,0,292.1979693003501,2,22.714928627505792
B,0.4730407941048863,1,326.2248858859299,7,27.396925814074248
B,0.3899910306949408,0,376.1982525562244,5,18.0
B,0.2709456563194988,0,235.12848510398004,2,33.939520549683245
B,0.6490319961254428,0,329.3451234628354,3,61.52827671218917
B,0.6503412884530991,1,240.76079149342732,2,44.659200688787905
B,0.37778432300953935,0,369.1859550792809,2,61.28500401426108
B,0.6451463320637043,1,312.1122438361386,2,45.58876507747976
B,0.4408077656833241,1,323.8761451185152,2,47.3297521202323
B,0.5389929581432101,1,237.39211220651288,2,58.68894425294029
B,0.5337675883732919,1,356.5625887688628,1,39.527159112106716
B,0.34558321442022827,0,466.7770336984813,0,32.753272141917435
B,0.31776610208335093,0,219.36706436574352,5,47.39189019946414
B,0.6433382408335329,0,272.8192793881981,5,52.44608284546262
B,0.22821775590446805,1,318.5285979334474,1,29.240424287453493
B,0.5750251634376415,0,362.9124969596653,2,26.34117101191965
B,0.20268594539416093,0,255.23629717684247,0,36.666272389170565
B,0.5504223661711952,1,100.0,1,44.97798640317994
B,0.6856782681212756,0,408.735159533122,2,44.577092583938736
B,0.6785408453937676,1,360.84048956673143,0,18.0
B,0.6951100530400994,1,160.5641975610668,2,57.93927280475986
B,0.31459886583334273,0,251.39449665763553,4,27.306020847237797
B,0.5328659855463813,0,425.45459436218607,3,31.819220037337047
B,0.3939013338758014,0,415.8237134766293,3,24.168147680146163
B,0.14241533049002586,1,375.0912018143156,5,67.37994603124505
B,0.589544040291359,1,285.911005283211,3,37.90484804345561
B,0.1797355666760681,1,306.6389935050008,6,24.78829903182122
B,0.37355414693001965,1,289.52593558990986,1,45.36708259954935
B,0.6279628420660591,1,390.259182661507,4,44.2296293517204
B,0.147236045876332,0,229.9326074803912,0,32.74727571704139
B,0.6013995816664118,0,235.5360276092636,2,45.087280553400596
B,0.5382068008633015,1,380.8219669468813,4,25.096496470029628
B,0.28097451899767484,0,296.4510835590751,2,29.084980700608973
B,0.14246525920054612,0,410.27738843630465,3,18.0
B,0.5146988303411132,1,246.27902344155635,0,19.112586989365248
B,0.5747212343481423,0,295.61773117289397,0,56.69156966804823
B,0.3133779945008444,1,226.20696121248375,2,54.69714353266777
B,0.425338006966679,1,300.5890145138854,5,35.78946378378755
B,0.3973110957435471,0,181.71624504009608,1,54.95517736627805
B,0.2899828374663111,1,260.989326323603,1,33.07910616070034
B,0.5641646814516658,0,185.09969080575058,2,32.0790763691851
B,0.19678915734035768,0,355.5138586553006,2,35.678127781586674
B,0.12022794723419351,0,357.32714718077216,1,33.50094085611722
B,0.20777559814419672,0,161.5789815612524,0,32.41764411727783
B,0.6692983408175379,0,406.71085964004584,3,48.72077728579463
B,0.33706096307344185,0,499.7932101135883,1,36.801627847474435
B,0.434578796452929,0,303.6805109389073,1,43.54978117320565
B,0.2663143157461951,0,248.7108591820284,1,47.37656630332797
B,0.4070289085760738,1,525.9464472802438,2,39.6582295478568
B,0.3526235475388357,1,194.48252013579915,2,23.356744089101134
B,0.7703784739394021,0,301.60851734952786,2,18.765609332431534
B,0.2224843950475211,0,314.3697818105539,0,36.78536761768766
B,0.29366567309176633,0,407.6118096361932,3,32.944924342100784
B,0.250677648587879,0,328.77911801014307,4,36.04869714704146
B,0.7447777265301856,1,260.1092883369239,1,34.80735152901696
B,0.5847918339609949,1,223.9052503689635,5,66.0028839219988
B,0.7433087610489512,0,272.65425438030917,2,19.037284932303944
B,0.706817585415949,0,219.44581112438846,1,18.0
B,0.27141671209845736,0,303.82602558277466,3,38.988522002235314
B,0.584158393734504,1,254.8643056111611,2,30.482929344941656
B,0.349936029519195,0,180.47697653681996,1,38.792814436759414
B,0.1630561355650827,1,400.4116630699923,2,42.006596267408014
B,0.7782452140643505,1,260.18619812567687,1,50.40925634214677
B,0.4867954636438281,0,198.549055601975,4,18.0
B,0.4624378886942721,1,286.5392692409967,3,28.319385225714043
B,0.1759740561780987,1,305.4697252774127,3,40.145135106569164
B,0.6591610924891316,1,160.28266195367732,5,44.24556314824672
B,0.6087521366938732,0,326.531813370061,1,61.32139460346063
B,0.6512488341182742,0,216.22739450477883,3,46.468447653366404
B,0.39363394562148063,1,436.882304735263,3,34.318536849364676
B,0.2597756419258414,1,341.9168409661388,5,24.31477096468806
B,0.1664649918933146,1,268.0080007912547,2,28.22852176737177
B,0.20033955294374706,1,240.38657837461196,0,27.88756612451472
B,0.48581158295346827,1,291.6025833949101,2,42.862803542165125
B,0.7984609481757496,1,349.02325932666315,4,38.083969347029964
B,0.18709283725953532,0,297.960469713184,1,19.11620514989385
B,0.7497508500959734,1,282.62729542905146,4,29.769182370914805
B,0.6400384541130609,1,304.66962326543165,2,45.53057064141705
B,0.08818448902125181,1,251.69128550104364,1,39.21994825968871
B,0.6826896430468993,1,272.54352585255697,2,41.823735392153246
B,0.6337804122567908,0,133.13660488759967,2,39.595060520687156
B,0.48680588011815035,1,377.8980984681894,2,54.51716881530631
B,0.267285411729244,1,323.90382242574094,3,37.83251676589244
B,0.19282289491449983,0,238.1235324773256,4,30.367726425551623
B,0.8377537774495676,0,451.8987985084191,2,24.01093950639727
B,0.5546832434700177,0,306.9613184313909,0,37.995313498516545
B,0.14549291467469688,0,217.10851424198427,2,18.0
B,0.4995028529749728,0,368.5389937176367,2,32.788531978007455
B,0.2111632135003678,0,331.843857320741,1,32.52992168094387
B,0.4425491519988797,1,331.56639883873754,1,18.626349756592628
B,0.41662360505644225,1,265.9395516278728,1,23.86080993612805
B,0.09108149749725758,1,336.03965790224277,1,44.7158903617789
B,0.2931075707856139,1,279.0593367823124,2,37.76854098889955
B,0.14529201705403902,0,344.4753161316674,1,36.22146000448793
B,0.5662665207247528,0,147.6044436791489,2,38.67617040718427
B,0.7470203670308483,1,265.29012296166485,4,36.11153105538708
B,0.5789412879884391,0,437.7724078246556,4,49.914350754299775
B,0.2357015908619523,1,238.63460356797594,2,36.481150180443784
B,0.7043237473654266,1,251.69293620054506,2,18.0
B,0.33270806243239603,1,264.163092924002,2,54.561559578492925
B,0.41611674312216596,1,202.81550912890853,0,39.44408320794615
B,0.5782970698676217,0,123.33753790173984,1,27.928955230459188
B,0.6535318850954921,0,281.55308811811096,0,19.959179380459776
B,0.5272821936502181,1,310.8687539265326,1,39.750970651496544
B,0.39852303910103193,0,295.7995945169078,1,33.593935940307496
B,0.5358235117116829,1,288.40971504416905,3,53.88976143238891
B,0.35702617787440083,0,303.443269668031,2,30.849112631998068
B,0.13710354806478908,1,381.8273177240611,2,24.951430523810398
B,0.46515270358986793,1,284.76430512566264,3,45.74955461883114
B,0.5872457487643952,1,254.07339383301843,1,46.10338271260198
B,0.5211550100703625,0,277.5099612089531,6,37.02381641132234
B,0.27943949569221166,0,346.34774078054204,2,43.1162845720989
B,0.8604836234020664,1,412.96215028345995,4,34.54775455109314
B,0.37043157042708397,0,249.74850086646575,2,37.80638121211096
B,0.2081989260641145,1,307.9147029623107,0,48.97989059076708
B,0.3773486607666725,1,327.0685953548768,3,42.50382000825804
B,0.41327675044210804,1,220.59375946169416,1,32.9687067400085
B,0.2354797931893595,1,301.6333733770334,1,51.228350551113806
B,0.4707823254195603,0,182.74609141263238,2,18.0
B,0.4547747800161546,1,158.4759757008481,1,59.62487973706322
B,0.37853711959723607,1,329.33971263138056,3,18.0
B,0.4516858822347149,0,269.2900206935374,2,27.474886102732448
B,0.31348691720086297,1,316.1824326096975,4,34.50898957765917
B,0.4154335536629472,0,298.568401839332,0,33.24223195126206
B,0.4892637235559824,0,221.8879961068962,2,47.07693248031866
B,0.4364146534506098,0,296.3796558428531,2,22.305960576677187
B,0.4486041101164608,1,201.35189559881158,2,38.12920180979676
B,0.6981099660349549,0,411.277788640112,3,28.06145482136295
B,0.5130327838250461,1,191.5223724112029,3,38.541691752049
B,0.10619394740225545,1,284.33717832251347,0,34.22273288242548
B,0.47378439514311677,0,216.61827295622012,2,36.115227832195735
B,0.5352075810109659,0,345.63369386886365,2,28.400902010427853
B,0.5509350630150744,1,273.48549029747977,3,28.87923259884701
B,0.8984602275087143,0,258.5066624303032,3,38.447270168329126
B,0.3857559644449367,1,368.25612360412435,1,46.32458606907253
B,0.291697108873,0,302.35444733420417,1,27.820647989625826
B,0.5905241793055341,0,341.3315556748774,2,24.574789465125082
B,0.31912266224017805,1,221.4939250786028,1,42.361521988062044
B,0.36089669101575456,0,187.61464448579943,2,34.609953283307725
B,0.128043845078813,0,308.5766369632107,5,44.96597760783142
B,0.3680023644084512,0,274.4922915604215,4,24.13043343954623
B,0.24629114838698898,0,350.11477379631555,3,18.0
B,0.549467151643721,1,293.607323786996,4,28.60395101808399
B,0.22369675294558078,1,316.4060271387704,0,25.803768688819808
B,0.1821498510523664,0,170.12939760470053,0,34.0545391990364
B,0.6211216359599954,1,451.07495516914054,0,27.357857428755324
B,0.30088490398912066,1,286.8606411974375,1,43.89220341603739
B,0.623790940651632,0,355.80695762713594,2,31.542196850929805
B,0.5276300143363065,0,233.1126663824299,1,36.80569398528681
B,0.6809312303697689,1,324.64079217738725,1,36.891614701291324
B,0.6698780970427286,1,195.77241891802038,0,37.339461108946246
B,0.7641024784404802,1,336.1654270607737,3,34.71045067454032
B,0.48540121579525297,1,271.52207324913337,3,41.12720828492376
B,0.568104518838792,0,302.3352403148454,2,25.45213839409031
B,0.3111989828958936,1,355.8379224104078,2,51.7930151198466
B,0.3382309756835138,1,201.3967751023776,1,32.161551399577576
B,0.4501212882259392,1,245.24066155097626,0,19.261410345215822
B,0.4192228397264059,0,336.58594248694124,1,37.256880283901275
B,0.5452458390265801,0,467.8577179637398,0,24.785834210630178
B,0.479746383151005,0,288.95341322708146,4,42.9840144141065
B,0.10738665403614626,1,347.2908894339146,2,61.51526691250853
B,0.7514620666155359,0,291.44228241132157,1,25.5611349013058
B,0.2526579864211856,0,455.37964758050396,5,38.98846799868782
B,0.5785519535135195,0,160.22226664277954,1,18.0
B,0.34917318925879665,0,307.5696835735486,2,40.446862753296166
B,0.3109931447804142,1,169.95647731503513,3,24.37143440240372
B,0.5285482295881907,1,100.0,1,27.50198457878621
B,0.18375469076740122,1,323.79696424942534,1,21.784562121922065
B,0.7271265669689154,0,311.1598236917967,2,43.78581471265683
B,0.33866947809872283,1,277.21304498062386,1,47.08765228967915
B,0.3540453891589562,0,291.50447279681975,1,35.28062257590209
B,0.1523015916999619,0,547.8639547257006,2,24.626879535971362
B,0.22566339668423452,0,279.34598895748525,0,54.07427643324635
B,0.47480225972969536,0,340.809948900006,3,25.995078466944125
B,0.5769676388155847,0,248.05081443088952,1,18.0
B,0.7078414021871839,1,323.61860600324826,1,40.50066811948482
B,0.3011754115953092,1,280.9413059955506,1,21.7427039163018
B,0.17073081753776898,1,267.1585213816216,3,46.8633055219901
B,0.285975586272632,0,445.511882576026,3,30.426347639918973
B,0.6315153922359129,0,394.1747970547471,1,42.244558886530356
B,0.27950647495272857,0,310.93973179193847,2,51.8180041586259
B,0.5290720379204068,1,115.66304512448266,2,20.493693624551337
B,0.725881741516258,1,271.11926213979444,2,28.208754429291133
B,0.19305569480272336,1,516.2422051524067,1,34.09194712811524
B,0.23873589255706357,0,281.54706666882333,2,53.450615828412126
B,0.46460325483932813,1,388.2574057642927,2,27.099407384714652
B,0.6163380868362048,0,415.35539215620804,0,27.865955648611916
B,0.5529976451594906,1,317.517113268478,3,40.7376869066697
B,0.1218320529813369,1,232.65426945054782,1,28.07325529147315
B,0.9295227176350042,1,105.17501345736892,4,36.8303105947714
B,0.6320802053855925,1,354.7330566887164,3,18.0
B,0.3891432219463033,0,234.81951977411615,4,61.57195931067916
B,0.5654241316892391,1,314.09203615101535,3,18.82748923628716
B,0.2718161809940138,1,200.01437283285088,0,31.1389675521175
B,0.5832750096335457,0,278.78099676238384,2,34.61022756989487
B,0.3386071881921929,0,302.69752439208423,2,57.95225761228155
B,0.1877294869475452,0,321.4874864835438,1,19.10185062880712
B,0.5071312468239465,0,210.81422501180685,1,58.804449625745015
B,0.48358449773020024,0,395.7528759009082,1,44.08612185322427
B,0.5714873120015357,1,252.2484172214423,4,40.00514389307895
B,0.21792855079384618,0,166.0424431637404,1,23.184395755784536
B,0.65579165877468,0,291.2781264029229,2,41.85369490445689
B,0.5460872836125412,1,302.7500247221168,0,26.318160530962402
B,0.31951754293704526,1,312.8471546537408,1,50.19993503838094
